id;first_name;last_name;email;phone_number
1;Chelsey;Wyman;Kiana.Bosco@hotmail.com;wireless mint green
2;Lora;Morissette;Damian13@yahoo.com;SQL
3;Emma;Rowe;Einar.Moore12@yahoo.com;Principal sky blue
4;Winfield;Ruecker;Kassandra_Huel4@yahoo.com;Tennessee relationships Ball
5;Delmer;Goldner;Ollie_Parker18@yahoo.com;Soft Villages fuchsia
6;Werner;Keebler;Davon.Osinski30@gmail.com;Lilangeni
7;Aylin;Bins;Aryanna_Nikolaus@yahoo.com;Specialist copying
8;Demetris;Haag;Kellie.Smitham@hotmail.com;digital Ford Licensed
9;Aurore;Bartoletti;Mazie.Dach61@yahoo.com;synthesize multi-tasking calculate
10;Harvey;Cummerata;Corine78@gmail.com;Auto Loan Account invoice
